pid,score
9074915,110.51261
11398202,108.67192
15957097,101.38701
14752188,101.13951
1795424,100.25797
10445558,98.8207
3291775,91.89816
8310725,91.49096
9383346,89.64843
14996154,89.60149
