pid,score
21218027,53.834534
17633120,53.389828
19295414,52.762177
19864480,50.482418
21206746,46.314644
17943842,46.07983
23300833,45.741474
22508485,44.673588
21575294,43.28076
22640450,41.17603
